id;first_name;last_name;photo;photo_content_type;profession;nb_experience;personal_email
1;Rodrick;Ritchie;../fake-data/blob/hipster.png;image/png;gee gee during;13588;prow reside
2;Maxine;Rippin;../fake-data/blob/hipster.png;image/png;solution;24748;gah
3;Jordyn;Lind;../fake-data/blob/hipster.png;image/png;required;3607;yummy leading without
4;Miracle;Heller;../fake-data/blob/hipster.png;image/png;yellowjacket;369;hm torte slight
5;Eddie;Homenick;../fake-data/blob/hipster.png;image/png;turbulent;21350;crisis aha
6;Howell;Cassin;../fake-data/blob/hipster.png;image/png;frightened;23493;beard why demur
7;Lavonne;Windler;../fake-data/blob/hipster.png;image/png;vainly enact motherly;5438;apropos mid
8;Ola;Hartmann-O'Keefe;../fake-data/blob/hipster.png;image/png;given yet;18635;next
9;Myrna;Prohaska;../fake-data/blob/hipster.png;image/png;honorable gosh since;6053;sharply
10;Judson;Howell;../fake-data/blob/hipster.png;image/png;patrol;26553;tan before flat
