id;full_name;email;mobile;role
1;possible;Ian.Nolan47@hotmail.com;whereas yowza;grouchy till overstay
2;keenly female;Dakota_Ernser17@gmail.com;average unfortunately;massacre
3;teaching psst roughly;Jamar_Purdy89@gmail.com;elaborate;finally wry admired
4;limply into;Roxane_Hegmann34@yahoo.com;formicarium;utterly
5;whoa ill-fated;Hyman36@yahoo.com;absent;off heavily
6;lord;Stanton99@hotmail.com;unto;absent
7;brr;Abdiel43@yahoo.com;psst;knavishly upgrade autosave
8;owl woot;Reyna.Denesik-Kilback@gmail.com;atop beancurd eggplant;around
9;when;Hugh.Torphy@hotmail.com;what courageous;leg
10;admire wiggle barring;Gino_Roberts11@gmail.com;flit;brutalize
