id;title;date;description
1;instead grimy if;2024-03-04T10:29:03;destroyer off yet
2;beside out android;2024-03-04T11:00:14;save starry
3;huzzah reinvigorate;2024-03-04T08:42:35;fatally thrift
4;meanwhile;2024-03-04T01:01:12;trammel phooey songbird
5;given;2024-03-04T07:50:40;propose echo
6;beyond bah classic;2024-03-03T23:33:22;garage
7;helpless brush negotiate;2024-03-04T06:50:23;mister of phew
8;difficult dishonest aside;2024-03-04T11:27:04;supposing aw
9;abaft;2024-03-04T15:53:01;since gah
10;eek patriot;2024-03-04T12:33:25;after reheat relish
